iter	Logloss
0	0.6739227547
1	0.6545473409
2	0.628772927833	0.6052028244	4	0.5910003365	0.5763531222
6	0.5563014348
7	0.5405801593
8	0.5275933601
9	0.5068304722
10	0.4943694132
11	0.4777299675
12	0.4694234268
13	0.4586226603
14	0.4470164056
15	0.4356778991
16	0.4246175099
17	0.4149988942
18	0.4027038504
19	0.3950539508
20	0.3912687231
21	0.3826256496
22	0.3729919469
23	0.3676583517
24	0.3604482866
25	0.350339286
26	0.3445358745
27	0.3397026066
28	0.3346705778
29	0.3281728873
30	0.3240487389
31	0.3163678957
32	0.3133714538
33	0.3244681795
34	0.3196487475
35	0.3160602971
36	0.3119226456
37	0.3057933271
38	0.3008851213
39	0.2969767442
40	0.2950997685
41	0.2931797276
42	0.289452756
43	0.2853450335
44	0.2836042718
45	0.2826868474
46	0.2803539867
47	0.2756813944
48	0.2725093975
449	0.2598896568550	0.2586636423
51	0.2563253973
52	0.2557616637
53	0.2548470228
54	0.2531921777
55	0.2510882719
56	0.2486801304
57	0.2463780527
58	0.2442877648
59	0.2412960735
60	0.2397143931
61	0.2382715747
62	0.2372224801
63	0.2341820427
64	0.2324812225
65	0.2317138426
66	0.2304149484
67	0.228598722
68	0.227638119
69	0.2261684441
70	0.2241106352
71	0.2232277426
72	0.222065658
73	0.2207662185
74	0.2194282647
75	0.2179622081
76	0.2168924972
77	0.2160267446
78	0.2153327149
79	0.2147485045
80	0.2132373658
81	0.2126909187
82	0.2112703016
83	0.2104703682
84	0.2095705472
85	0.208039693
86	0.2067077001
87	0.205971991
88	0.2046030753
89	0.204015261
90	0.2034302341
91	0.202929748
92	0.2013163372
93	0.2000770117
94	0.1994925696
95	0.1988546656
96	0.1978505216
97	0.1969482125
98	0.1959110207
99	0.1950052008
100	0.194022174
101	0.1928733979
102	0.1923271507
103	0.1916871083
104	0.1910005051
105	0.1903215442
106	0.189555726
107	0.1894021139
108	0.189014937
109	0.1886355602
110	0.1878397354
111	0.1867910449
112	0.1864506076
113	0.1858322347
114	0.1853983779
115	0.184758589
116	0.1838960702
117	0.1834898093
118	0.1826924059
119	0.1823779109
120	0.1815033121
121	0.1809766028
122	0.1802123778
123	0.1792250893
124	0.1785219168
125	0.178033567
126	0.1773957603
127	0.1770784678
128	0.1767281901
129	0.1759015143
130	0.175549307
131	0.1750161418
132	0.1745254997
133	0.1742838613
134	0.1732493728
135	0.1728486048
136	0.1722091808
137	0.1720677755
138	0.1716138383
139	0.1710185127
140	0.1704253195
141	0.1700487418
142	0.1696809321
143	0.1692611751
144	0.1689788199
145	0.1685733083
146	0.1681950179
147	0.167768523
148	0.1673338597
149	0.1669607675
150	0.1660368761
151	0.1656109563
15152	0.16577423615153	0.16496488915154	0.16444458315155	0.16399895215156	0.16338169157157	0.16278659158158	0.162109159	0159	0.1616252879
160	0.1611738419
161	0.1607609588
162	0.1603832016
163	0.1597552129
164	0.159321187
165	0.1588593408
166	0.1584658577
167	0.1581877478
168	0.1579071785
169	0.1576265259
170	0.1571919552
171	0.1569030522
172	0.1563143122
173	0.1558398407
174	0.1554308024
175	0.155098065
176	0.1544541106
177	0.1542014434
178	0.1539501182
179	0.1533547208
180	0.1529683154
181	0.1527290028
182	0.152301915
183	0.1516932429
184	0.1508739534
185	0.1507021757
186	0.1502727121
187	0.149985063
188	0.1497607788
189	0.1493700216
190	0.1491982915
191	0.1490337982
192	0.1488624336
193	0.1483586895
194	0.1479584219
195	0.1476569664
196	0.1473451653
197	0.147018028
198	0.1467387518
199	0.1466168171
200	0.1464620636
201	0.1461181544
202	0.1455992082
203	0.1452900474
204	0.1449157005
205	0.1446702615
206	0.1443460185
207	0.1442292283
208	0.1437427798
209	0.1435637392
210	0.1432902681
211	0.1428102558
212	0.1424763521
213	0.1421261802
214	0.1418616469
215	0.1413353088
216	0.1410368679
217	0.1405941229
218	0.1402981896
219	0.140017124
220	0.1398458766
221	0.1393237948
222	0.1390586839
223	0.1385466332
224	0.1382803973
225	0.1378802998
226	0.1374791615
227	0.1371589152
228	0.1370654113
229	0.13676677
230	0.1364508815
231	0.1361331014
232	0.1359071212
233	0.1358765364
234	0.1357294718
235	0.1352179449
236	0.1350330724
237	0.1346698562238	0.13409662162239	0.1338061438
240	0.1335204686
241	0.1331024797
242	0.1329607609
243	0.1326378101
244	0.1324819311
245	0.1321313534
246	0.1318801818
247	0.1313443705
248	0.1311895924
249	0.1308662188
250	0.1305674207
251	0.1301643295
252	0.129994682
253	0.1298267922
254	0.1291602261
255	0.1289368504
256	0.1285907592
257	0.1282099432
258	0.1280228302
259	0.1277122097
260	0.1272978928
261	0.1268158945
262	0.1264676924
263	0.1261452279
264	0.1258053083
265	0.1255706285
266	0.1250895858
267	0.1247373008
268	0.1244703424
269	0.1241877635
270	0.1239766549
271	0.123782272	0272	0.12334273	0.273	0.12292274	0.1227807211
275	0.1225613786
276	0.1223545264
277	0.1220394297
278	0.121903163
279	0.1216377457
280	0.1213776315
281	0.1212320338
282	0.121114011
283	0.120785422
284	0.1206068583
285	0.1203522353
286	0.1197283138
287	0.1195490843
288	0.119278265
289	0.1190990568
290	0.1189894375
291	0.11291	0.118292	0.11292	0.1182576493
293	0.1179294353
294	0.1175291365
295	0.1171911581
296	0.1171231596
297	0.1171074373
298	0.1168288586
299	0.1165892854
300	0.116515067
301	0.1161953044
302	0.1159370426
303	0.1157564461
304	0.11305	0.11305	0.114306	0.11306	0.114307	0.1144159691
308	0.11308	0.114309	0.11309	0.113310	0.11310	0.113311	0.11311	0.113312	0.11312	0.11313	0.11313	0.112314	0.11314	0.112315	0.11315	0.1120333096
316	0.1117799334
317	0.1114729033
318	0.1111866154
319	0.1107814509
320	0.1103234686
321	0.1100952272
322	0.1098176781
323	0.1093126559
324	0.1090349433
325	0.1086784573
326	0.1085669595
327	0.1084021479
328	0.1081131298
329	0.1078900459
330	0.1076943894
331	0.10755896
332	0.1073306528
333	0.1070002104
334	0.1068128654
335	0.1066547529
336	0.1063865574
337	0.1060880627
338	0.1058966042
339	0.1055975343
340	0.1053967352
341	0.1051994052
342	0.1045257445
343	0.1042925839
344	0.1040723112
345	0.1037893559
346	0.1032970687
347	0.1029460996
348	0.1026792074
349	0.1023919312
350	0.1021246667
351	0.1018159504
352	0.1016428191
353	0.1013341746
354	0.1011044647
355	0.1008345252
356	0.100665224
357	0.1002259755
358	0.1000148443
359	0.09974011365
360	0.09951310154
361	0.09943052845
362	0.09916550147
363	0.09891089993
364	0.09880119617
365	0.0985437068
366	0.09843077389
367	0.09803203164
368	0.097740708
369	0.09746628963
370	0.09711027997
371	0.09680879765
372	0.09662597462
373	0.09642341147
374	0.09608901489
375	0.09563288212
376	0.09545180833
377	0.09529908696
378	0.09505160944
379	0.09486378345
380	0.09462897723
381	0.09454916332
382	0.0943555139
383	0.09419697268
384	0.09397899857
385	0.09377855466
386	0.09347830115
387	0.09331245058
388	0.09317200278
389	0.09301515516
390	0.09278413704
391	0.09265324286
392	0.09244174943
393	0.09191394855
394	0.09152866232
395	0.09117288108
396	0.09086109632
397	0.09067458003
398	0.09043352795
399	0.09021262867
400	0.08977186266
401	0.08958649819
402	0.08942844472
403	0.08913730522
404	0.08878801966
405	0.08859528934
406	0.08815933206
407	0.08796349534
408	0.08774304535
409	0.08749714978
410	0.0873480144
411	0.08725373818
412	0.08696771003
413	0.08669311938
414	0.08650752848
415	0.08635541253
416	0.08608659921
417	0.08588105225
418	0.08567605712
419	0.08539535467
420	0.0850171702
421	0.08489247918
422	0.08455697317
423	0.084395763
424	0.08413002847
425	0.08387917263
426	0.08377294229
427	0.08368564933
428	0.0833563407
429	0.08323679871
430	0.08307247945
431	0.08286043311
432	0.08253955015
433	0.0822530279
434	0.08206704545
435	0.08191956903
436	0.0815915975
437	0.08142353244
438	0.08131710655
439	0.08109915951
440	0.08090222331
441	0.08077902033
442	0.08057734996
443	0.0803921996
444	0.08011097009
445	0.08003068816
446	0.07982427913
447	0.07960166421
448	0.07939488112
449	0.0791343531
450	0.07898640218
451	0.07885285574
452	0.07854146473
453	0.07842228608
454	0.07815126877
455	0.0777527494
456	0.07754922619
457	0.07741141928
458	0.07698029457
459	0.07685286228
460	0.07669291314
461	0.07646595521
462	0.07624849589
463	0.07588016029
464	0.07567334765
465	0.07544322308
466	0.07526411004
467	0.07506225737
468	0.07489891271
469	0.07478011831
470	0.07460384047
471	0.07440454488
472	0.07423224302
473	0.0738582847
474	0.07374369962
475	0.07354641013
476	0.07342479531
477	0.07323427365
478	0.07310694926
479	0.072948296
480	0.07261411572
481	0.07245687299
482	0.07228821461
483	0.07211010657
484	0.07192762271
485	0.07180558387
486	0.07163518543
487	0.0715330092
488	0.07144224167
489	0.07124990353
490	0.07105413677
491	0.07088673579
492	0.07077340666
493	0.07059585251
494	0.07043723122
495	0.0700834033
496	0.06999075704
497	0.06988656539
498	0.06974513594
499	0.06961928963
500	0.06952802126
501	0.06938696208
502	0.06920194221
503	0.06909482713
504	0.06870494875
505	0.0685441415
506	0.06833256466
507	0.06816377987
508	0.0679953079
509	0.067878121510510	0.067656842511	0.06676486818
512	0.06659653686
513	0.06636351635
514	0.0662100087
515	0.0661428967
516	0.06599780463
517	0.06570705188
518	0.06547493622
519	0.06539162596
520	0.0652837167
521	0.06515174739
522	0.06504548961
523	0.06478285635
524	0.06472459999
525	0.06456610827
526	0.06435203022
527	0.06426807223
528	0.0641945274
529	0.06399732996
530	0.06389937897
531	0.06369106624
532	0.06350835624
533	0.06326469018
534	0.06311312573
535	0.06280775697
536	0.06268172603
537	0.06253875022
538	0.06236942011
539	0.06221455272
540	0.06204692352
541	0.06176140701
542	0.0615343941
543	0.061461319
544	0.06131841241
545	0.06122829849
546	0.06104172188
547	0.06070753644
548	0.06057024189
549	0.06044250015
550	0.06033042266
551	0.06028083899
552	0.0601069253
553	0.06002989458
554	0.0599161409
555	0.05972055042
556	0.0595681553
557	0.05941537944
558	0.05930625383
559	0.05920585036
560	0.05908781966
561	0.05890464983
562	0.05866617551
563	0.05860413659
564	0.05840031843
565	0.05823409347
566	0.05809046993
567	0.05802779811
568	0.05790087221
569	0.05773585372
570	0.05757864263
571	0.05739160123
572	0.05728968968
573	0.05716588378
574	0.05686681929
575	0.05675403967
576	0.05664100789
577	0.05648237772
578	0.05636313562
579	0.056302941
580	0.05621926979
581	0.05612776646
582	0.05599162398
583	0.05585671763
584	0.05574431874
585	0.05546310397
586	0.05532765373
587	0.05521680248
588	0.05509843555
589	0.05499231127
590	0.05483528807
591	0.05477734815
592	0.05456882775
593	0.05445693815
594	0.05440299341
595	0.05425124108
596	0.05412709401
597	0.05389593264
598	0.05378835466
599	0.05371102233
600	0.05352042088
601	0.05340897629
602	0.05332558197
603	0.05322970274
604	0.05299106525
605	0.05288235003
606	0.0527934673
607	0.05276304365
608	0.05262851803
609	0.05242542671
610	0.0523488855
611	0.05223881055
612	0.05211196871
613	0.05195417417
614	0.05184195328
615	0.05175000494
616	0.05159683353
617	0.05145908902
618	0.05140219735
619	0.05126246514
620	0.05109843061
621	0.05098864738
622	0.05086754613
623	0.05077585491
624	0.05070499001
625	0.05062394434
626	0.05055220427
627	0.05034395582
628	0.05024037796
629	0.05010228239
630	0.05002398093
631	0.04990464983
632	0.04983894701
633	0.04962533376
634	0.04948041969
635	0.04937126441
636	0.04931217737
637	0.04922881767
638	0.04914538379
639	0.04899091197
640	0.04881534186
641	0.04870419889
642	0.04865536678
643	0.04852331837
644	0.04840233579
645	0.04835645	0.0646	0.04829646	0.0647	0.04818647	0.0648	0.04808648	0.0649	0.04803649	0.04978594608
650	0.0496550828
651	0.04956128654
652	0.04939502592
653	0.0492971281
654	0.04918875692
655	0.049001656	0.656	0.048877657	0.657	0.048814658	0658	0.0487193659	0659	0.0486662660	0660	0.048444661	0.04750156326
662	0.0473908758
663	0.04726290991
664	0.04718592772
665	0.04714437362
666	0.04699631601
667	0.046874461166668	0.046799152666669	0.046747724867670	0.04671114036671	0.04660473853672	0.04561073752
673	0.04557168569
674	0.04543095469
675	0.04531771524
676	0.04528068076
677	0.04510919483
678	0.0450135826
679	0.04496638714
680	0.04488162813
681	0.04484545401
682	0.04461418386
683	0.04453578351
684	0.04450093946
685	0685	0.0459592686	0686	0.04586191059
687	0.04570746023
688	0.0455409133
689	0.04549295809
690	0.04542607548
691	0.04535128045
692	0.04526101164
693	0.04518462361
694	0.04507489934
695	0.04500157323
696	0.04485618812
697	0.0448098307
698	0.04474480217
699	0.04457018106
700	0.0444450675
701	0.04423313436
702	0.04416980201
703	0.04409986785
704	0.04399346366
705	0.04394858047
706	0.04379044993
707	0.04362706363
708	0.04355816785
709	0.04344994939
710	0.04333912327
711	0.04325409774
712	0.04313915329
713	0.04304954197
714	0.04301552569
715	0.04288197464
716	0.042805379
717	0.04272490057
718	0.04252164343
719	0.04238518267
720	0.04232085653
721	0.04228266194
722	0.04213848713
723	0.04195482742
724	0.04182576546
725	0.04178929677
726	0.04172127455
727	0.04165980559
728	0.04152432042
729	0.04149883526
730	0.04139503937
731	0.04131559358
732	0.04122306896
733	0.04120059307
734	0.04108021157
735	0.04102804029
736	0.04095364828
737	0.0409282997
738	0.04079216351
739	0.04063498593
740	0.04057486422
741	0.04050979747
742	0.04043860526
743	0.04038213317
744	0.0403071838
745	0.04028284161
746	0.04010064848
747	0.03991354106
748	0.03980024369
749	0.03972849214
750	0.03960283998
751	0.03954056722
752	0.03951948796
753	0.03944613202
754	0.03937110333
755	0.03930620829
756	0.03925621148
757	0.03918545468
758	0.03916199525
759	0.039075760	0.760	0.038978761	0.761	0.038856762	0.762	0.038833763	0.03852405919
764	0.03849587267
765	0.03843169996
766	0.03838636229
767	0.03832334522
768	0.03823214477
769	0.03813641149
770	0.03804847974
771	0.03801862869
772	0.03798530649
773	0.03793469006
774	0.03788411241
775	0.03777152871
776	0.03769075239
777	0.03760724507
778	0.03754650059
779	0.03739485517
780	0.03729296058
781	0.03724525047
782	0.03715543894
783	0.03709299714
784	0.03705629346
785	0.03701772923
786	0.03694237782
787	0.03685750176
788	0.03683228738
789	0.03678957628
790	0.03671329142
791791	0.036551869792792	0.036530909793793	0.03647686794794	0.036369661795795	0.0363106256
796	0.03626231164
797	0.03615830292
798	0.0361059857
799	0.03607854273
800	0.03602897956
801	0.035983046888802	0.035962745518803	0.035840431248804	0.035714316198805	0.035630679228806	0.035554062428807	0.035534106838808	0.035431731288809	0.035356783528810	0.035312730068811	0.035183101468812	0.035127646981813	0.035053846081814	0.035003417881815	0.034900622681816	0.03486696312
817	0.03478393788
818	0.03468859949
819	0.03464385973
820	0.03456551038821	0.03449764442
822	0.03444066624
823	0.03439940194
824	0.03437240163
825	0.03430131867
826	0.034276110638827	0.034222478682828	0.034203537282829	0.034139371983830	0.034092474783831	0.034051131683832	0.033931417983833	0.033842247483834	0.0337656062
835	0.03370083652
836	0.03366501678
837	0.03364659382
838	0.03358473901
839	0.03354341186
840	0.03347178028
841	0.03335801132
842	0.033315597843843	0.033262444844844	0.033230812845845	0.03315397969
846	0.03306439445
847	0.033004266
848	0.032963095184849	0.032925641850850	0.032883599851851	0.032812502852852	0.032760367853853	0.03273646085854	0.032695678085855	0.032672579285856	0.0325861857	0857	0.03255052679
858	0.03248616458
859	0.03246886016
860	0.0323363861	0861	0.0322966862	0862	0.0322436863	0863	0.0322090864	0864	0.0321290865	0865	0.0320719866	0866	0.0319967867	0867	0.0319498868	0868	0.0318863869	0869	0.0318638870	0870	0.0318196871	0871	0.0317042872	0872	0.0316540873	873	0.03161322874	874	0.03157387875	875	0.03155372876	876	0.03148311517
877	0.03141697372
878	0.03134525798
879	0.03132886555
880	0.03126111567
881	0.03122945646
882	0.03119765995
883	0.03108969874
884	0.03101118738
885	0.03092282186
886	0.03085976049
887	0.03084523034
888	0.03079806501
889	0.03072393779
890	0.03068994813
891	0.0306654242
892	0.03061393301
893	0.03059837677
894	0.03047976319
895	0.03039236816
896	0.03034535911
897	0.03031172835
898	0.03024560422
899	0.03017839453
900	0.03013181693
901	0.03011695959
902	0.03007396419
903	0.03002183061
904	0.02994769942
905	0.02989726469
906	0.02979012626
907	0.02977638483
908	0.029678909	0.909	0.029624910	0.910	0.029565911	0.911	0.029481912	0.912	0.029443913	0913	0.0293797914	0914	0.0293653915	0915	0.0293228916	0916	0.0292456917	0917	0.0291851918	0918	0.0291448919	0919	0.0291030920	0920	0.0290808921	0921	0.0290669922	0922	0.0290168923	0923	0.0289807924	0924	0.0289551925	0925	0.0288993926	0926	0.0288620927	0927	0.0288041928	0928	0.0287169929	929	0.02865522930	930	0.02859559931	931	0.02857478932	932	0.0285078933	0933	0.0284337934	0934	0.0284199935	0935	0.0283609936	0936	0.0283074937	0937	0.0282564938	0938	0.0281998939	0939	0.0281587940	0.02781587502
941	0.02773364031
942	0.02770826845
943	0.02766514215
944	0.02758827521
945	0.02752379226
946	0.0274839743
947	0.02746103167
948	0.02737597414
949	0.02732514485
950	0.02731292676
951	0.02723845584
952	0.0272105601
953	0.02715000837
954	0.0271202658
955	0.02701462014
956	0.02699493519
957	0.02694127987
958	0.02691280287
959	0.02684026436
960	0.02682855072
961	0.02677554907
962	0.0266943737
963	0.02662470009
964	0.02659173082
965	0.02656514857
966	0.02649841987
967	0.02646680522
968	0.02642926598
969	0.02636149042
970	0.02633110753
971	0.02624897975
972	0.02618522775
973	0.02617317663
974	0.02614737078
975	0.02609706392
976	0.02604070783
977	0.02601560963
978	0.02597347743
979	0.02592692642
980	0.02586451568
981	0.02582807666
982	0.02574913568
983	0.02567893662
984	0.02563003162
985	0.02561109745
986	0.02557099762
987	0.0255157053
988	0.02543564668
989	0.02538958521
990	0.02533538716
991	0.02532400862
992	0.02522919012
993	0.02518920423
994	0.02517811053
995	0.02514173365
996	0.0250940539
997	0.02506977654
998	0.02503361819
999	0.02500959066
5
