iter	Passed	Remaining
0	142	142157
1	145	72363
2	148	49426
3	152	38016
4	155	30901
5	157	26064
6	161	22891
7	165	20519
8	169	18678
9	172	17102
10	176	15857
11	180	14864
12	184	14001
13	187	13182
14	190	12478
15	193	11886
16	198	11463
17	203	11103
18	207	10719
19	211	10371
20	214	10011
21	219	9740
22	223	9479
23	227	9238
24	231	9021
25	236	8844
26	239	8618
27	241	8390
28	244	8175
29	246	7977
30	250	7817
31	253	7653232	255	74933	259	7378
34	263	7274
35	268	7192
36	273	7128
37	278	7038
38	282	6957
39	286	6868
40	290	6796
41	294	6724
42	299	6660
43	303	6595
44	306	6506
45	310	6448
46	315	6389
47	317	6302
48	320	6215
4949	322	6125050	327	6087
51	332	6060
52	336	6015
53	340	5972
54	345	5929
55	348	5880
56	353	5848
57	357	5810
58	362	5775
59	366	5744
60	371	5716
61	376	5691
62	380	5666
63	385	5643
64	390	5610
65	393	5567
66	397	5529
67	400	5487
68	402	5433
69	405	5386
70	409	5356
71	414	5340
72	418	5314
73	422	5289
74	426	5265
75	430	5234
76	434	5213
77	438	5184
78	442	5162
79	447	5144
80	451	5125
81	456	5105
82	460	5089
83	463	5056
84	466	5021
85	469	4986
86	472	4953
87	474	4920
88	477	4889
89	480	4858
90	483	4827
91	485	4796
92	488	4766
93	491	4737
94	494	4711
95	497	4687
96	502	4674
97	506	4660
98	510	4645
99	514	4629
100	517	4604
101	520	4579
102	522	4553
103	525	4530
104	529	4510
105	532	4488
106	535	4466
107	538	4445
108	541	4425
109	544	4403
110	546	4380
111	549	4358
112	552	4335
113	555	4313
114	558	4294
115	562	4284
116	566	4275
117	570	4267
118	575	4257
119	578	4239
120	580	4219
121	583	4201
122	586	4183
123	589	4164
124	592	4147
125	595	4128
126	597	4109
127	600	4091
128	603	4073
129	606	4055
130	609	4043
131	612	4028
132	615	4012
133	618	3996
134	621	3980
135	624	39613136	627	39513137	629	39313138	632	39113139	635	39014140	638	38814141	642	38814142	645	38614143	648	38514144	651	38414145	654	38214146	657	38114147	660	38014148	663	37814149	666	37715150	669	37615151	672	374152	676	3743
153	678	3729
154	681	3716
155	684	3704
156	687	3691
157	690	3682
158	695	3676
159	699	3673
160	704	3669
161	708	3665
162	712	3660
163	715	3648
164	718	3635
165	721	3623
166	724	3612
167	728	3608
168	733	3604
169	737	3600
170	742	3601
171	747	3597
172	751	3593
173	756	3589
174	761	3587
175	765	3584
176	770	3581
177	773	3573
178	776	3563
179	779	3552
180	782	3541
181	785	3532
182	789	3525
183	792	3515
184	795	3505
185	798	3495
186	801	3484
187	805	3478
188	808	3470
189	811	3460
190	814	3451
191	817	3441
192	820	3432
193	824	3423
194	827	3414
195	830	3405
196	833	3397
197	836	3388
198	839	3380
199	842	3370
200	845	3360
201	848	3351
202	851	3341
203	854	3332
204	856	3323
205	859	3313
206	862	3303
207	865	3294
208	867	3284
209	871	3277
210	874	3269
211	877	3262
212	880	3254
213	883	3246
214	888	3243
215	893	3241
216	897	3239
217	902	3238
218	906	3233
219	911	3230
220	914	3224
221	917	3215
222	920	3208
223	923	3200
224	926	3192
225	929	3184
226	932	3176
227	935	3168
228	938	3161
229	942	3153
230	945	3146
231	948	3139
232	951	3132
233	953	3121
234	956	3113
235	959	3105
236	962	3097
237	964	3089
238	968	3084
239	972	3080
240	976	3076
241	980	3072
242	984	3065
243	988	3062
244	992	3058
245	995	3052
246	998	3044
247	1001	3037
248	1004	3030
249	1007	3022
250	1010	3015
251	1013	3007
252	1016	2999
253	1019	2993
254	1021	2985
255	1024	2978
256	1027	2971
257	1030	2963
258	1033	2957
259	1036	2951
260	1039	2944
261	1042	2937
262	1045	2930
263	1048	2923
264	1052	2919
265	1055	2912
266	1058	2905
267	1061	2899
268	1064	2892
269	1068	2888
270	1071	2882
271	1074	28752272	1077	28692273	1080	2862274	1083	2857
275	1087	2851
276	1089	2844
277	1092	2838
278	1096	2834
279	1102	2834
280	1107	2834
281	1113	2834
282	1116	2829
283	1119	2823
284	1123	2817
285	1126	2812
286	1129	2806
287	1133	2801
288	1136	2795
289	1139	2790
290	1142	2783
2291	1148	27852292	1153	2783
293	1158	2781
294	1162	2779
295	1167	2777
296	1172	2774
297	1174	2766
298	1179	2764
299	1183	2762
300	1188	2760
301	1193	2758
302	1197	2754
303	1200	2749
304	1203	27433305	1207	27373306	1210	2732307	1212	2723
3308	1217	27223309	1220	27163310	1223	27103311	1226	27043312	1229	26993313	1233	26943314	1236	26893315	1240	2684
316	1243	2679
317	1248	2677
318	1253	2676
319	1258	2674
320	1263	2672
321	1268	2670
322	1273	2668
323	1277	2666
324	1281	2661
325	1284	2656
326	1288	2651
327	1291	2646
328	1295	2641
329	1298	2636
330	1302	2631
331	1305	2626
332	1308	2621
333	1312	2618
334	1316	2613
335	1319	2608
336	1323	2603
337	1327	2599
338	1330	2594
339	1334	2590
340	1337	2585
341	1341	2580
342	1344	2575
343	1348	2571
344	1351	2566
345	1355	2562
346	1358	2557
347	1362	2552
348	1365	2547
349	1369	2542
350	1372	2537
351	1375	2533
352	1379	2528
353	1382	2523
354	1386	2518
355	1389	2513
356	1392	2508
357	1396	2503
358	1399	2498
359	1402	2493
360	1406	2489
361	1411	2487
362	1415	2484
363	1420	2481
364	1425	2479
365	1428	2475
366	1431	2469
367	1434	2464
368	1437	2458
369	1440	2453
370	1444	2449
371	1448	2445
372	1451	2440
373	1455	2435
374	1458	2430
375	1461	2425
376	1464	2420
377	1468	2415
378	1471	2411
379	1474	2406
380	1478	2401
381	1481	2396
382	1484	2391
383	1487	2386
384	1491	2382
385	1494	2377
386	1498	2373
387	1503	2371
388	1508	2369
389	1512	2365
390	1515	2360
391	1518	2355
392	1521	2350
393	1525	2347
394	1530	2344
395	1536	2342
396	1541	2340
397	1546	2338
398	1551	2336
399	1556	2335
400	1561	2333
401	1566	2330
402	1571	2328
403	1576	2325
404	1581	2323
405	1586	2321
406	1592	2320
407	1597	2317
408	1602	2315
409	1607	2313
410	1612	2310
411	1617	2308
412	1622	2306
413	1628	2304
414	1632	2301
415	1638	2299
416	1643	2297
417	1648	2294
418	1653	2292
419	1656	2287
420	1659	2282
421	1663	2278
422	1666	2273
423	1670	2268
424	1673	2263
425	1676	2258
426	1679	2254
427	1682	2249
428	1686	2244
429	1690	2240
430	1694	2236
431	1698	2232
432	1701	2228
433	1704	2223
434	1707	2218
435	1711	2213
436	1714	2208
437	1717	2203
438	1720	2198
439	1724	2194
440	1727	2189
441	1730	2185
442	1734	2180
443	1738	2176
444	1741	2171
445	1744	2166
446	1747	2161
447	1750	2156
448	1754	2153
449	1759	2150
450	1762	2145
451	1766	2141
452	1770	2137
453	1774	2134
454	1779	2132
455	1785	2130
456	1788	2125
457	1792	2121
458	1795	2116
459	1799	2111
460	1802	2107
461	1806	2103
462	1809	2098
463	1812	2093
464	1816	2089
465	1819	2085
466	1822	2080
467	1826	2076
468	1829	2071
469	1832	2066
470	1836	2062
471	1839	2057
472	1842	2053
473	1846	2048
474	1849	2044
475	1854	2041
476	1859	2038
477	1864	2035
478	1868	2032
479	1871	2027
480	1874	2022
481	1877	2017
482	1880	2013
483	1884	2009
484	1887	2004
485	1891	1999
486	1894	1995
487	1898	1991
488	1901	1987
489	1905	1983
490	1908	1978
491	1911	1974
492	1915	1969
493	1918	1964
494	1921	1960
495	1924	1955
496	1927	1950
497	1930	1946
498	1933	1941
499	1937	1937
500	1940	1932
501	1943	1927
502	1946	1923
503	1949	1918
504	1952	1914
505	1956	1909
506	1959	1905
507	1962	1900
508	1965	1896
5510	1969	18845511	1974	1882
512	1980	1879
513	1985	1877
514	1990	1874
515	1995	1872
516	2001	1869
517	2006	1867
518	2011	1864
519	2016	1861
520	2021	1858
521	2026	1856
522	2030	1852
523	2033	1847
524	2036	1842
525	2040	1838
526	2043	1833
527	2046	1829
528	2049	1824
529	2052	1820
530	2055	1815
531	2058	1810
532	2061	1806
533	2064	1802
534	2068	1797
535	2071	1792
536	2074	1788
537	2077	1783
538	2080	1779
539	2083	1775
540	2087	1770
541	2090	1766
542	2093	1762
543	2098	1759
544	2103	1756
545	2108	1753
546	2113	1750
547	2117	1746
548	2122	1743
549	2128	1741
550	2132	1737
551	2136	1734
552	2139	1729
553	2142	1725
554	2146	1720
555	2149	1716
556	2152	1711
557	2155	1707
558	2158	1702
559	2161	1698
560	2164	1693
561	2167	1689
562	2170	1684
563	2173	1680
564	2176	1675
565	2181	1673
566	2187	1670
567	2192	1667
568	2196	1663
569	2200	1659
570	2203	1655
571	2208	1652
572	2212	1648
573	2215	1644
574	2219	1640
575	2223	1636
576	2226	1632
577	2231	1629
578	2234	1625
579	2239	1621
580	2244	1618
581	2249	1615
582	2255	1613
583	2261	1610
584	2266	1607
585	2270	1603
586	2275	1600
587	2281	1598
588	2286	1595
589	2290	1591
590	2293	1587
591	2296	1582
592	2299	1578
593	2302	1573
594	2305	1569
595	2308	1565
596	2312	1560
597	2315	1556
598	2318	1552
599	2321	1547
600	2325	1544
601	2329	1539
602	2332	1535
603	2335	1531
604	2339	1527
605	2344	1524
606	2350	1521
607	2355	1518
608	2359	1514
609	2362	1510
610	2366	1506
611	2369	1502
612	2374	1498
613	2377	1494
614	2380	1490
615	2383	1485
616	2386	1481
617	2391	1477
618	2394	1473
619	2397	1469
620	2400	1465
621	2403	1460
622	2406	1456
623	2410	1452
624	2412	1447
625	2415	1443
626	2419	1439
627	2422	1435
628	2426	1431
629	2429	1427
630	2433	1423
631	2437	1419
632	2440	1414
633	2443	1410
634	2446	1406
635	2449	1402
636	2452	1397
637	2456	1393
638	2459	1389
639	2462	1385
640	2465	1380
641	2468	1376
642	2472	1372
643	2475	1368
644	2478	1364
64645	2482	13664646	2487	13564647	2490	13564648	2494	13464649	2497	1344
650	2501	1341
651	2505	1337
652	2508	1332
653	2511	1328
654	2515	1324
655	2519	1321
656	2523	1317
657	2529	1314
658	2533	1311
659	2537	1307
660	2540	1303
661	2544	12661662	2548	12662663	2552	12663664	2556	12664	2562	1290
665	2568	1287
666	2572	1284
6668	2575	12746669	2581	12716670	2586	12686671	2591	12656672	2597	1261
673	2602	1258
674	2607	1255
675	2613	1252
676	2617	1249
677	2622	1245
678	2626	1241
679	2629	1237
680	2634	1234
681	2638	1230
682	2642	1226
683	2645	1222
684	2648	1217
68685	2653	12168686	2659	1211
687	2665	1208
688	2670	1205
689	2676	1202
690	2681	1199
691	2687	1196
692	2692	1192
693	2698	1189
694	2703	1186
695	2709	1183
696	2714	1180
697	2719	1176
698	2724	1173
699	2727	1168
700	2731	1165
701	2735	1161
702	2741	1158
703	2746	1154
704	2751	1151
705	2754	1146
706	2757	1142
707	2760	1138
708	2764	1134
709	2768	1130
710	2772	1126
711	2776	1122
712	2779	1118
713	2785	1115
714	2790	1112
715	2796	1109
716	2801	1105
717	2807	1102
718	2811	1098
719	2814	1094
720	2818	1090
721	2821	1086
722	2824	1082
723	2827	1078
724	2831	1074
725	2834	1069
726	2838	1065
727	2841	1061
728	2844	1057
729	2848	1053
730	2852	1049
731	2856	1045
732	2859	1041
733	2864	1037
734	2867	1034
735	2871	1029
736	2874	1025
737	2877	1021
738	2881	1017
739	2885	1013
740	2888	1009
741	2892	1005
742	2897	1002
743	2900	998
744	2904	994
745	2907	990
746	2910	985
747	2914	981
748	2917	977
749	2920	973
750	2923	969
751	2927	965
752	2930	961
753	2933	957
754	2936	952
755	2939	948
756	2942	944
757	2946	940
758	2949	936
759	2952	932
760	2955	928
761	2958	924
762	2962	920
763	2965	9763764	2968	9764765	2971	9765766	2975	9766767	2978	8767768	2981	8768	2985	896
769	2989	893
770	2993	889
771772	2997	8772773	3001	8773774	3005	8774775	3009	8775776	3013	8776777	3017	8777778	3020	8778779	3024	8779	3029	854
780781	3031	8781	3036	846
782	3040	842
783	3044	838
784	3047	834
785786	3050	8786787	3053	8787788	3057	8788789	3061	8789790	3064	8790791	3068	805
792	3071	801
793	3075	797
794	3079	794
795	3084	790
796	3088	786
797	3091	782
798	3095	778
799	3098	774
800	3101	770
801	3105	766
802	3108	762
803	3112	758
804	3115	754
805	3118	750
806	3123	747
807	3127	743
808	3131	739
809	3135	735
810	3139	731
811	3143	727
812	3147	723
813	3150	719
814	3153	715
815	3157	711
816	3161	708
817	3165	704
818	3168	700
819	3171	696
820	3175	692
821	3178	688
822	3181	684
823	3185	680
824	3189	676
825	3192	672
826	3195	668
827	3199	664
828	3202	660
829	3206	656
830	3209	652
831	3213	648
832	3216	644
833	3221	641
834	3224	637
835	3228	633
836	3231	629
837	3234	625
838	3239	621
839	3242	617
840	3245	613
841	3248	609
842	3251	605
843	3254	601
844	3258	597
845	3261	593
846	3265	589
847	3268	585
848	3271	581
849	3274	577
850	3277	573
851	3280	569
852	3283	565
853	3287	562
854	3290	558
855	3294	554
856	3298	550
857	3301	546
858	3305	542
859	3309	538
860	3312	534
861	3315	530
862	3319	526
863	3322	523
864	3325	519
865	3328	515
866	3331	511
867	3335	507
868	3339	503
869	3342	499
870	3346	495
871	3349	491
872	3354	488
873	3358	484
874	3361	480
875	3364	476
876	3370	472
877	3374	468
878	3377	464
879	3381	461
880	3385	457
881	3389	453
882	3392	449
883	3395	445
884	3398	441
885	3401	437
886	3405	433
887	3408	429
888	3412	426
889	3416	422
890	3419	418
891	3423	414
892	3426	410
893	3429	406
894	3433	402
895	3437	398
896	3440	395
897	3443	391
898	3446	387
899	3449	383
900	3452	379
901	3456	375
902	3459	371
903	3462	367
904	3465	363
905	3468	359
906	3471	355
907	3474	352
908	3477	348
909	3481	344
910	3484	340
911	3487	336
912	3490	332
913	3493	328
914	3496	324
915	3500	320
916	3503	317
917	3506	313
918	3510	309
919	3513	305
920	3517	301
921	3521	297
922	3524	294
923	3528	290
924	3532	286
925	3535	282
926	3538	278
927	3541	274
928	3545	270
929	3549	267
930	3552	263
931	3555	259
932	3557	255
933	3561	251
934	3565	247
935	3568	244
936	3572	240
937	3575	236
938	3578	232
939	3582	228
940	3585	2940941	3588	2941942	3591	2942943	3595	2943944	3599	2944945	3602	2945946	3605	2946947	3609	1947948	3612	1948949	3616	1949950	3619	1950951	3622	1951952	3626	1952953	3629	1953954	3632	1954955	3635	1955956	3638	1956	3642	163
957958	3645	1958959	3649	1959960	3652	1960961	3657	1961962	3661	1962963	3664	1963964	3667	1964965	3671	1965966	3674	1966967	3677	1967968	3680	1968969	3683	1969970	3687	1970971	3690	1971972	3693	1972973	3696	997974	3700	997975	3703	997976	3706	897977	3709	897978	3713	797979	3716	797980	3719	798981	3722	698982	3726	698983	3729	6983	3734	60
984	3737	56
985	3740	53
986	3744	49
987	3747	45
988	3750	41
989	3753	37
990	3757	34
99992	3759	2992	3763	26
993	3766	22
994	3769	18
995	3773	15
996	3776	11
9998	3778	39999	3781	0999	3785	0
